channel_id,channel_title,video_count
UC--KRIkF7ZpCJ820VDKPORQ,theDonWEBB,1
UC18vz5hUUqxbGvym9ghtX_w,Samantha Bee,1
UC4LADtN8xwppFydHUB1s5uA,Cosmopolitan,1
UC4xpRYvrW5Op5Ckxs4vDGDg,Jason Schroeder,1
UC7MgijK9WL_EqCo1juUERwg,Don't Tell Comedy,1
UC7sjYgQOIDFRMCzt666_dwA,Feminism Sucks,1
UCAR3h_9fLV82N2FH4cE4RKw,TV5 News ,1
UCCgQaXjsJ6EdFPZeTFQoSyw,Brut India,1
UCD4qMoFPUEzSn4CurFLJkIQ,Steve Shives,1
UCD5_QIM67BZJdh9AwZv3soA,Nate The Lawyer,1
UCHpw8xwDNhU9gdohEcJu4aA,The Guardian,1
UCIRYBXDze5krPDzAEOxFGVA,Guardian News,1
UCIU6nZbHFUj9wNCTlOdRLbQ,Women Safety Wing Telangana Police,1
UCJFOER35ggIWwsXh2ZDnqyg,The Economic Times,1
UCK7lKOYd46F7G5JGFadC_ew,ComingSoon.net,1
UCR1PVwrPjpz0U_Fbju-BAzQ,Jarvis Johnson! GOLD,1
UCRTcuf-RM24BmY5XsiRP-mw,BBC Trending,1
UCTILfqEQUVaVKPkny8QRE0w,SBS The Feed,1
UCTOji6NgxrlwjE2NEDZ3lQA,Counterpoint,1
UCVa_VOxnPSJe49poc7DW2yQ,Pop Trigger,1
UCVrK_pMRp_q8IelpfUCTGLQ,Turning Point USA,1
UCYfGjumrF8z9ICm0mjjq0Sw,Public Freakout Central,1
UCZ4AMrDcNrfy3X6nsU8-rPg,Economics Explained,1
UCZfsrIV68Oegr5bJgAMLBDA,HuffPost,1
UCb7W1LEKXKGSu1rCnEdUXGw,Simple Misfits,1
UCkrtUnUL6ClHI1fMVOTEjkQ,Dr. Daf Show,1
UCn8zNIfYAQNdrFRrr8oibKw,VICE,1
UCns8cwhpu92cYJHAlEfWz_w,Catfished,2
UCoMdktPbSTixAyNGwb-UYkQ,Sky News,1
UCq18eeL7D9Vd8DhjMcLh9QQ,Good Morning Britain,1
UCsT0YIqwnpJCM-mx7-gSA4Q,TEDx Talks,3
UCvy9bjqfawiaE_CklFSdnzg,abcqanda,1
UCwQtLYL45SVzJWOX73ZmZ-g,Breaking Down Patriarchy,1
