platform,record_type,source_layer,source_id,video_id,video_url,channel_id,channel_title,title,description,tags,hashtags,published_at,view_count,like_count,comment_count,language,collected_at,collector
youtube,video,search,C8tpVKbxKfk|Dr. Daf Show,C8tpVKbxKfk,https://www.youtube.com/watch?v=C8tpVKbxKfk,UCkrtUnUL6ClHI1fMVOTEjkQ,Dr. Daf Show,Feminist vs Anti Feminist Women | PART 1,"If you wish to support this show, shop my new fragrance collection here: https://www.fineforever.com/
Use code DRDAFSHOW for 50% OFF

For sponsorship inquiries, email : drdafshow@collab.inc 
For all other business inquiries, email : hello@drmichelledaf.com
For other inquiries, email : info@drmichelledaf.com

If you want to be in an episode, please fill out this form: 
https://airtable.com/appMj8MH5NsCC7GEd/pagoyoSC2PqGNw6dc/form

Chapters:
0:00 Introduction
1:05 Women have more privileges today than men
22:19 No career will give women as much joy and fulfillment as raising children
36:04 The Sexual Revolution has devalued women and made them infinitely less happy

STAY TUNED FOR PART 2!

Cast:
Dr. Michelle Daf, Host: https://www.instagram.com/drmichelledaf/
https://www.instagram.com/drdafshow/
https://www.instagram.com/fineforeverfragrances/
https://www.youtube.com/channel/UCIOwgGR648B-ckwUOYsZx2A

Feminists
Isabella : https://www.tiktok.com/@onlyjayus?
Chelsea : https://www.instagram.com/chelseagods?
Ceci : https://www.instagram.com/@veryceci
Kyla : https://youtube.com/@notsoErudite?
Ann : https://www.tiktok.com/@leftistblondie?
 
Anti-Feminists
Maggie : https://youtube.com/@maggiethesubstituteteacher?
Savannah : https://www.instagram.com/savannafaithstone/
Jada : https://www.instagram.com/thejadabellpodcast?
Matrixunni : https://www.tiktok.com/@matrixunni
Carmen : https://www.instagram.com/carmenjaycee/",[],[],20260131,2630675,76977.0,400.0,en,2026-05-23T07:39:22.645899+00:00,yt-dlp
youtube,video,search,-mvIktYig9Y|Turning Point USA,-mvIktYig9Y,https://www.youtube.com/watch?v=-mvIktYig9Y,UCVrK_pMRp_q8IelpfUCTGLQ,Turning Point USA,Charlie Kirk vs. Cambridge Feminist | Why Western Women Are MISERABLE 👀,"#charliekirk #debate #trending #politics #college #2025 #cambridge #feminism 

🔴 Subscribe to our channel ►https://bit.ly/3gi53YK

SOCIAL MEDIA: 
🇺🇸 Instagram ► https://www.instagram.com/turningpointusa/
🇺🇸 Twitter ► https://twitter.com/TPUSA
🇺🇸 Facebook ► https://www.facebook.com/turningpointusa/

👕 Buy Merch HERE: https://tpusamerch.com

○ All Links ► http://bit.ly/TurningPointUSA
• Join ► https://bit.ly/392v4Io
• Donate ► https://bit.ly/2ZvWmDT","['turning point usa', 'turning point', 'tpusa', 'Charlie kirk', 'viral', 'trending']","['charliekirk', 'debate', 'trending', 'politics', 'college', '2025', 'cambridge', 'feminism']",20250528,313876,5438.0,400.0,en,2026-05-23T07:39:54.529422+00:00,yt-dlp
youtube,video,search,EEIvWNhuL8U|VICE,EEIvWNhuL8U,https://www.youtube.com/watch?v=EEIvWNhuL8U,UCn8zNIfYAQNdrFRrr8oibKw,VICE,"Anti & Pro Feminists Debate Abortion, Trans Rights, and #Metoo | VICE Debates","What's the state of feminism in America today? From trans rights to abortion, from intersectionality to beauty standards, opinionated voices from across the political spectrum clash over the most controversial issues facing women today.

https://www.youtube.com/playlist?list=PLw613M86o5o4S3BXgi3bCiIVuopQxIMgV

00:00 Intro
00:58 Is Feminism Dead? 
7:00 The Pay Gap
8:36 Barriers
12:38 What is the Biggest Issue That Feminism Faces? 
15:30 Pro-Choice & Pro-Life
25:38 Discussing Issues Faced by Trans People
31:57 #MeToo
34:22 Beauty Standards

Click here to subscribe to VICE: http://bit.ly/Subscribe-to-VICE

About VICE:
The Definitive Guide To Enlightening Information. From every corner of the planet, our immersive, caustic, ground-breaking and often bizarre stories have changed the way people think about culture, crime, art, parties, fashion, protest, the internet and other subjects that don't even have names yet. Browse the growing library and discover corners of the world you never knew existed. Welcome to VICE.

Connect with VICE:
Check out our full video catalog: http://bit.ly/VICE-Videos
Videos, daily editorial and more: http://vice.com
More videos from the VICE network: https://www.fb.com/vicevideo
Click here to get the best of VICE daily: http://bit.ly/1SquZ6v
Like VICE on Facebook: http://fb.com/vice
Follow VICE on Twitter: http://twitter.com/vice
Follow us on Instagram: http://instagram.com/vice
Follow us on TikTok: https://www.tiktok.com/@vice?lang=en

The VICE YouTube Network:
VICE: https://www.youtube.com/VICE
MUNCHIES: https://www.youtube.com/MUNCHIES 
VICE News: https://www.youtube.com/VICENews
VICELAND: https://www.youtube.com/VICELANDTV
Vice Life: https://www.youtube.com/Broadly
Noisey: https://www.youtube.com/Noisey
Motherboard: https://www.youtube.com/MotherboardTV 
VICE Sports: https://www.youtube.com/NOC
i-D: http://www.youtube.com/iDmagazine 
Waypoint: https://www.youtube.com/WaypointVICE

#feminism #debate","['documentary', 'documentaries', 'docs', 'interview', 'culture', 'lifestyle', 'world', 'exclusive', 'independent', 'underground', 'videos', 'journalism', 'vice guide', 'vice.com', 'vice', 'vice magazine', 'vice mag', 'vice videos', 'film', 'short films', 'movies', 'jubilee media', 'middle ground', 'reproductive rights', 'planned parenthood', 'womens rights', 'abortion debate', 'me too', 'roe v. wade', 'middle ground liberal vs conservative', 'womens rights protest', 'womens rights 2022']","['metoo', 'metoo', 'feminism', 'debate']",20221228,4295015,74965.0,,en,2026-05-23T07:39:56.966076+00:00,yt-dlp
youtube,video,search,BiSFY3APYss|Brut India,BiSFY3APYss,https://www.youtube.com/watch?v=BiSFY3APYss,UCCgQaXjsJ6EdFPZeTFQoSyw,Brut India,Women Politicians Strike Back At Sexism,"""Blot on all legislators"", ""Redneck"", ""Piece of s***"". Here's how women politicians around the world have reacted to sexist comments in Parliament.","['women politicians', 'sexism']",[],20200131,2829238,122765.0,400.0,en,2026-05-23T07:40:18.337904+00:00,yt-dlp
youtube,video,search,9yMFw_vWboE|HuffPost,9yMFw_vWboE,https://www.youtube.com/watch?v=9yMFw_vWboE,UCZfsrIV68Oegr5bJgAMLBDA,HuffPost,48 Things Women Hear In A Lifetime (That Men Just Don't),"Watch 80 years of subtle sexism in under two minutes.
Subscribe to HuffPost today: http://goo.gl/xW6HG

Scripted and directed by Jessica Samakow
Produced by Jessica Samakow and Oliver Noble
Filmed and edited by Oliver Noble

Get More HuffPost
Read: http://www.huffingtonpost.com/
Like: https://www.facebook.com/HuffingtonPost
Follow: https://twitter.com/HuffingtonPost","['Women', 'being a woman', 'cat calling', 'kbME', ""men don't hear"", 'sexism', 'things women are tired of hearing', 'things women hear']",[],20151209,1863812,26565.0,400.0,en,2026-05-23T07:40:38.339263+00:00,yt-dlp
youtube,video,search,CwvuyLuMQOA|Jason Schroeder,CwvuyLuMQOA,https://www.youtube.com/watch?v=CwvuyLuMQOA,UC4xpRYvrW5Op5Ckxs4vDGDg,Jason Schroeder,How To Deal With Misogyny In The Workplace,"Discrimination against women and minorities has always been a huge problem, especially in the construction industry. But we have the power to end it now. Watch this video to learn all about how to deal with misogyny in the workplace to create a better, more inclusive environment for workers of all ethnicities and genders!

Blog Post: https://elevateconstructionist.com/how-to-deal-with-misogyny-in-the-workplace/

Here is a link to the video I promised: https://be-the-change.com.au/

Watch And Enjoy!
Jason Schroeder

Key Moments In This Episode
========================
00:00 Intro & Summary
00:50 What Is Misogyny?
02:07 Current Problems In The Construction Industry
04:49 My Experience Being Unaware Of Misogynistic Behavior
07:35 Common Misogynistic Behaviors To Look Out For
12:39 Importance Of Fighting Against Misogyny
13:44 How To Deal With Misogyny In The Workplace
16:58 Important Reminders About Fighting Misogynistic Behavior
18:00 Learn More About Misogyny In The Workplace

What To Watch Next
========================
Who Is Responsible For Safety On A Construction Site?
https://youtu.be/dxyrcexpAgQ

Resources
========================
Check out our website for more info:
https://www.elevateconstructionist.com/
 
Access resources to elevate your operations:
https://www.elevateconstructionist.com/services
 
Listen to the Elevate Construction podcast:
https://www.elevateconstructionist.com/podcasts
 
Check out our training programs and certifications:
https://www.elevateconstructionist.com/training
 
Subscribe to my YouTube channel:
https://www.youtube.com/channel/UC4xpRYvrW5Op5Ckxs4vDGDg?sub_confirmation=1

Learn More About Jason
========================
Jason Schroeder is the owner and lead consultant at Elevate Construction IST, a company focused on elevating construction by providing valuable insights, effective solutions, and high-quality training. With his extensive experience in the construction industry, he created the Field Engineer Boot Camp and Superintendent Boot Camp, immersive training courses designed to produce high-performing leaders who can lead their teams in the right direction. Through Elevate Construction IST, he aims to scale his training programs throughout the nation to help more construction companies elevate their operations to the next level.
 
========================
Nate Woodbury - YouTube Producer
https://www.youtube.com/NateWoodbury

#Equality
#Workplace
#Construction","['construction', 'construction projects', 'leader', 'leadership', 'team management', 'project management', 'project manager', 'superintendent', 'success', 'How To Deal With Misogyny In The Workplace']","['equality', 'workplace', 'construction']",20230812,4503,191.0,43.0,en,2026-05-23T07:40:45.115392+00:00,yt-dlp
youtube,video,search,oWEKD493IxY|Cosmopolitan,oWEKD493IxY,https://www.youtube.com/watch?v=oWEKD493IxY,UC4LADtN8xwppFydHUB1s5uA,Cosmopolitan,Men React to Their Girlfriends Getting Catcalled | Cosmopolitan,"What happens when these boyfriends see their girlfriends getting catcalled on New York City streets? 

SUBSCRIBE to Cosmopolitan: http://goo.gl/MJgRO8

Cosmopolitan is the best-selling young women's magazine in the U.S., a bible for fun, fearless females that reaches more than 18 million readers a month. We deliver the latest news on men and love, sex, fashion and beauty, women's health and self-improvement, and entertainment.

Cosmopolitan Official Site: http://Cosmopolitan.com 
Cosmopolitan on FACEBOOK: http://bit.ly/CosmoFB
Cosmopolitan on TWITTER: http://bit.ly/CosmoTwitter
Cosmopolitan on GOOGLE+: http://bit.ly/CosmoGoogle
Cosmopolitan on PINTEREST: http://bit.ly/CosmoPins
Cosmopolitan on INSTAGRAM: http://bit.ly/CosmoInsta

Men React to Their Girlfriends Getting Catcalled | Cosmopolitan","['Cosmopolitan (Magazine)', 'Couples', 'Catcall', 'Cosmopolitan', 'cosmopolitan.com', 'Beauty', 'Fashion', 'Clothing', 'Reality TV', 'Cosmo', 'Style', 'relationships', 'sex advice', 'sex', 'entertainment', 'celebrities', 'celebrity', 'boyfriends', 'girlfriends', 'catcalled', 'catcalls', 'women']",[],20150727,13556588,108106.0,400.0,en,2026-05-23T07:41:05.787177+00:00,yt-dlp
youtube,video,search,u-VcErKk6Qs|Guardian News,u-VcErKk6Qs,https://www.youtube.com/watch?v=u-VcErKk6Qs,UCIRYBXDze5krPDzAEOxFGVA,Guardian News,Woman shares footage of assault by street harasser at Paris cafe,"Marie Laguerre, a student, has posted CCTV footage of the attack on her outside a cafe in Paris.
Subscribe to Guardian News on YouTube ► http://bit.ly/guardianwiressub

A man makes sexually explicit comments towards Laguerre, who calls him out on it. He then walks back over to her and slaps her across the face. Laguerre comments on the video: 'This is an unacceptable behaviour. It happens everyday, everywhere and I don't know a single woman who doesn't have a similar story.'

• 'Solidarity!' French politicians praise woman who stood up to harasser► https://www.theguardian.com/world/2018/jul/31/french-politicians-praise-paris-woman-sexual-harassment-marie-laguerre

Support the Guardian ► https://theguardian.com/supportus
The Guardian ► https://www.theguardian.com

The Guardian YouTube network:

The Guardian ► www.youtube.com/theguardian
Guardian Football ► http://is.gd/guardianfootball
Guardian Sport ► http://bit.ly/GDNsport

#cctv #assault #paris #france","['sexual harrasement', '#metoo', 'paris', 'paris cafe', 'assault', 'sexual assault', 'CCTV', 'france news', 'paris news', 'paris sexual harrassement', 'cafe video footage', 'nous toutes', '#noustoutes', 'me too', 'marie laguerre', 'cctv paris', 'france', 'violence paris', 'woman slapped paris', 'woman in paris slapped on camera', 'paris incident', 'street harassment', 'sexism', 'slap in the face', 'slapped face', 'man slaps woman', 'sexual harassment in public', 'public sexual harassment', 'sexual attack', 'sexist', 'slapped', 'sexist attack']","['cctv', 'assault', 'paris', 'france']",20180730,1663652,3085.0,400.0,,2026-05-23T07:41:31.875575+00:00,yt-dlp
youtube,video,search,h9Lf3-vJn4E|Pop Trigger,h9Lf3-vJn4E,https://www.youtube.com/watch?v=h9Lf3-vJn4E,UCVa_VOxnPSJe49poc7DW2yQ,Pop Trigger,Street Harassment Caught On Video,"UPDATE: Actress Shoshana Roberts is suing the director for keeping all the profits made from this video, according to TMZ.

In what's the most viral story of the week, a women had herself filmed for 10 hours walking around the streets of NYC. The results were startling, and sparked a lot of debate. Pop Trigger discusses.

Follow Pop Trigger on Twitter: https://twitter.com/PopTrigger

Like us on Facebook: https://www.facebook.com/PopTrigger

Follow us on Instagram: http://instagram.com/therealpoptrigger

Samantha Schacher: https://twitter.com/SamSchacher

Bree Essrig: http://www.youtube.com/user/BREEessrig

https://twitter.com/BreeEssrig

Brett Erlich:  https://twitter.com/bretterlich

Check out Viral Video Film School With Brett: https://www.youtube.com/viralvideos

Support Pop Trigger for FREE by doing your Amazon shopping through this link (bookmark it!) http://www.amazon.com/?tag=poptrigger-20

New Pop Trigger Hoodie: http://shoptyt.com/product/pop-trigger-hoodie/

A disgruntled Florida mom started a petition, urging Toys R Us to pull Breaking Bad action figures from it's shelves. After a tense few days, the toy store caved and pulled the toys. Bryan Cranston and Aaron Paul have since responded, with the latter taking aim at both the mom and the store. Pop Trigger discusses.

Pop Trigger, a smart show about dumb stuff. We break down *celebrities, dating, and other random pop culture (ish) topics with guests from TV/film, music, and of course **YouTube! Watch us here on Hulu. PS - No teleprompters allowed.","['gopro', 'hollaback', 'shoshana roberts', 'harassed', '108 times', '10hours', '24 years old', 'New York', 'winks', 'catcall', 'whistles', 'scary', 'obnoxious', 'Holdback', 'non profit', 'walking', 'behaviors', 'camera', 'go pro', 'verbal harassment', 'street harassment', 'awareness', 'news', 'pop culture', 'pop trigger', 'poptrigger', 'catcall actress sues director', 'shoshana roberts sues director', 'catcall video']",[],20141031,163930,1604.0,400.0,en,2026-05-23T07:41:51.473389+00:00,yt-dlp
youtube,video,search,tOM9dwQmeks|Good Morning Britain,tOM9dwQmeks,https://www.youtube.com/watch?v=tOM9dwQmeks,UCq18eeL7D9Vd8DhjMcLh9QQ,Good Morning Britain,Has the #MeToo Movement Gone Too Far? | Good Morning Britain,"Subscribe now for more! http://bit.ly/1NbomQa
As a French newspaper published an open letter written by 100 women criticising the #MeToo movement, Good Morning Britain asks Ella Whelan and Nadia Essex whether they think the #MeToo movement has gone too far.

Broadcast on 10/01/2018

Like, follow and subscribe to Good Morning Britain!

The Good Morning Britain YouTube channel delivers you the news that you’re waking up to in the morning. From exclusive interviews with some of the biggest names in politics and showbiz to heartwarming human interest stories and unmissable watch again moments. 

Join Susanna Reid, Piers Morgan, Ben Shephard, Kate Garraway, Charlotte Hawkins and Sean Fletcher every weekday on ITV from 6am.

Website: http://bit.ly/1GsZuha
YouTube: http://bit.ly/1Ecy0g1
Facebook: http://on.fb.me/1HEDRMb
Twitter: http://bit.ly/1xdLqU3

http://www.itv.com","['good morning britain', 'breakfast show', 'news', 'morning news', 'gmb', 'good morning britain interview', 'itv', 'piers morgan', 'susanna reid', 'Talk Shows - Topic', '#metoo', 'metoo', 'women', 'sexual harassment', 'harvey weinstein', 'me too', 'sexual misconduct', 'weinstein', 'scandal', 'sexual', 'sexual assault', 'piers morgan argue', 'piers morgan debate', 'heated', 'debate', 'good morning britain debate', 'nadia essex', 'nadia essex gmb', 'Celebs go dating Nadia']","['metoo', 'metoo', 'metoo']",20180110,858005,5853.0,22.0,en,2026-05-23T07:41:57.615782+00:00,yt-dlp
youtube,video,search,II-OP6vdMs8|Samantha Bee,II-OP6vdMs8,https://www.youtube.com/watch?v=II-OP6vdMs8,UC18vz5hUUqxbGvym9ghtX_w,Samantha Bee,"#MeToo Backlash | January 17, 2018 Act 1 | Full Frontal on TBS",Women speaking out has finally led to men speaking about how unfair it was that the women got to speak in the first place.,"['Full Frontal with Samantha Bee', 'Full Frontal', 'Samantha Bee', 'Sam Bee', 'TBS', '#MeToo']",['metoo'],20180118,1544336,19903.0,400.0,en,2026-05-23T07:42:17.171023+00:00,yt-dlp
youtube,video,search,HfwQvfchMXU|The Guardian,HfwQvfchMXU,https://www.youtube.com/watch?v=HfwQvfchMXU,UCHpw8xwDNhU9gdohEcJu4aA,The Guardian,The ‘Me Too’ backlash | The Global Dating Crisis: episode 2,"In the US, 60% of young men are single and sex is at a record low. Despite endless opportunities to meet the right person, it feels like dating in the US has become more fraught than ever.
Subscribe to The Guardian on YouTube ► https://www.youtube.com/user/theguardian?sub_confirmation=1

As political divides deepen and the #MeToo backlash grows, we meet the people navigating ‘heterofatalism’ and those ditching modern dating for 1950s values. From the unlimited choice of NYC dating apps to a Christian retreat in the south, reporter Carter Sherman explores a nation struggling to connect.

Stateside with Kai and Carter ► https://www.youtube.com/@statesidepodcast

Chapters:
00:00 – The Global Dating Crisis
01:28 – Meeting single New Yorkers
03:24 – The trials and tribulations of online dating apps
05:20 – 'Conservatives only' dating
08:44 – The expansion of women's rights in relationships
09:10 – Interviewing Dr Justin Garcia
11:07 – Cool Christian Couples retreat
15:54 – Catching up with Dora

The Guardian publishes independent journalism, made possible by supporters. Contribute to The Guardian today ► https://support.theguardian.com/

Sign up to the Guardian's free new daily newsletter, First Edition ► http://theguardian.com/first-edition

Website ► https://www.theguardian.com
Facebook ► https://www.facebook.com/theguardian
Bluesky ► https://bsky.app/profile/theguardian.com
Instagram ► https://www.instagram.com/guardian

The Guardian on YouTube: 
Guardian News ► https://www.youtube.com/@guardiannews
Guardian Australia ► https://www.youtube.com/@GuardianAustralia
Guardian Football ► https://www.youtube.com/@guardianfootball
Football Weekly ► https://www.youtube.com/@FootballWeeklyPodcast
Guardian Sport ► https://www.youtube.com/@guardiansport
It's Complicated ► https://www.youtube.com/@ItsComplicated
Guardian Live ► https://www.youtube.com/@GuardianLive

#dating #datingcrisis #usa #metoo #incels #maga #politics","['2026', 'abortion', 'bumble', 'cancel culture', 'carter sherman', 'christianity', 'christians', 'dating', 'dating advice', 'dating apps', 'dating crisis', 'dating tips', 'documentary', 'feminism', 'gdnpfpnewsus', 'gdnpfpnewsworld', 'global dating crisis', 'guardian', 'heterofatalism', 'hypergamous', 'hypergamy', 'incels', 'jesus', 'kids', 'maga', 'manosphere', 'marriage', 'me too', 'men', 'nyc', 'relationships', 'sex', 'sexual', 'single', 'the guardian', 'tinder', 'toxic masculinity', 'trad wife', 'tradwives', 'trump', 'us', 'women', 'me too backlash', 'donald trump', 'how to date', 'sexless', 'virgins']","['metoo', 'dating', 'datingcrisis', 'usa', 'metoo', 'incels', 'maga', 'politics']",20260511,294705,6336.0,400.0,en,2026-05-23T07:42:33.969080+00:00,yt-dlp
youtube,video,search,0rZbVxcIlp8|ComingSoon.net,0rZbVxcIlp8,https://www.youtube.com/watch?v=0rZbVxcIlp8,UCK7lKOYd46F7G5JGFadC_ew,ComingSoon.net,Sacha Baron Cohen & Rosamund Pike on Ladies First's Toxic Masculinity,"Ladies First stars Rosamund Pike and Sacha Baron Cohen spoke with ComingSoon about their new Netflix movie. The duo discussed the film's tackling of toxic masculinity and how it impacted both of their characters. Ladies First is now streaming on Netflix.x

“Damien Sachs (Sacha Baron Cohen) seemingly has it all: money, power, and a never-ending stream of casual flings. As he prepares to ascend to the role of CEO at a leading advertising agency, his life is turned upside down when he wakes up in his worst nightmare: a parallel world dominated by women. Where he once ruled the boardroom, he now finds himself humbled and going head-to-head with the newly fierce and fearless Alex Fox (Rosamund Pike). With the rules of engagement changed and Alex at the top of her game, the two boldly battle it out in a playful and satirical comedy about what happens when the script is flipped,” says the official synopsis.",[],[],20260522,106,3.0,2.0,en,2026-05-23T07:42:36.248757+00:00,yt-dlp
youtube,video,search,gIHUdvYpBMQ|Jarvis Johnson! GOLD,gIHUdvYpBMQ,https://www.youtube.com/watch?v=gIHUdvYpBMQ,UCR1PVwrPjpz0U_Fbju-BAzQ,Jarvis Johnson! GOLD,Toxic Advice For Women (By Men),"Claim your free Starter Pack of 15,000 Food + 30,000 Gold + the rare Zombie Flame Dragon: https://dragoncity.onelink.me/DDHl/jj25

SOCIALS
► https://instagram.com/jarvis
► https://twitter.com/jarvis

MAIN CHANNEL
► https://www.youtube.com/jarvis

Subreddit ▸ https://reddit.com/r/unnamedfanbase
Merch ▸ https://jarvis.store
P.O. Box ▸ 3108 Glendale Blvd Suite 540, Los Angeles CA 90039",[],[],20241025,1075312,52930.0,400.0,en,2026-05-23T07:42:55.454351+00:00,yt-dlp
youtube,video,search,uzw8XOp6_zU|Counterpoint,uzw8XOp6_zU,https://www.youtube.com/watch?v=uzw8XOp6_zU,UCTOji6NgxrlwjE2NEDZ3lQA,Counterpoint,Men vs Feminists: Is Toxic Masculinity Real?,"Men and feminists sit down for an honest conversation on toxic masculinity, mental health, chivalry, Andrew Tate, and gender roles. Can they find common ground, or are the divides too deep?

FEATURING:
Courtney 
https://www.instagram.com/courtandree
Grant
https://www.instagram.com/gstonebraker/
Trevor
https://www.instagram.com/trevorStitus
Stephanie
https://www.instagram.com/capturekismet
Chance
https://www.instagram.com/chance_Guida
@chanceguida 
Olivia
Host: Ryan
https://beacons.ai/iamryanprice

Chapters
0:00 Intro
0:34 Toxic masculinity is a real thing
12:34 Feminism killed chivalry
28:20 Men’s mental health is ignored by society
42:44 Andrew Tate is a net positive for society
53:04 More is expected of a man than a woman

Want to work with us? Partnerships/sponsorship Inquires:
Email -  counterpointbookings@gmail.com 

 WANT TO BE IN A FUTURE EPISODE?
Apply here:
👉 https://tally.so/r/mDQvqb

Suggest what episode/prompts in the comments you want to see next!

📲 FOLLOW US
TikTok →  https://www.tiktok.com/@counterpointstudios
Instagram →  https://www.instagram.com/counterpoint2025/
Website →   https://beacons.ai/counterpointstudios 

Production 
Josh https://www.instagram.com/_petersonmedia/
Rob https://www.instagram.com/rob_carlson_/
Dylan https://www.instagram.com/realdpage/

Omaha, NE
#Counterpoint #Debate","['men vs women', 'modern women', 'men vs feminists', 'feminism debate', 'gender equality debate', 'toxic masculinity', 'men’s mental health', 'feminism killed chivalry', 'andrew tate debate', 'gender roles', 'masculinity under attack', 'men’s struggles', 'men vs women debate', 'modern feminism', 'gender stereotypes', 'gender expectations', 'feminist vs men', 'counterpoint debate', 'middle ground discussion', 'gender politics', 'men’s rights', 'mens right advocate', 'jubilee', 'counterpoint']","['counterpoint', 'debate']",20250922,197322,2944.0,400.0,en,2026-05-23T07:43:15.464620+00:00,yt-dlp
youtube,video,search,SBoT9mmtTO8|Simple Misfits,SBoT9mmtTO8,https://www.youtube.com/watch?v=SBoT9mmtTO8,UCb7W1LEKXKGSu1rCnEdUXGw,Simple Misfits,ANTI-FEMINIST PROTEST PRANK!,"Follow our Instagrams:
Spencer Goldman► @CERSPENCE https://instagram.com/cerspence/
Chad LeBaron► @CHERDLEYS https://instagram.com/cherdleys/

Thanks for watching! LIKE, COMMENT, SHARE, AND GET SILLY!!

SUBSCRIBE for more ridiculous shit - http://www.youtube.com/user/simplemisfits?sub_confirmation=1

For our SECOND CHANNEL - https://www.youtube.com/channel/UCieyiWaPdk6iTKn3qbmvI9g
_____________

Facebook: http://www.facebook.com/simplemisfits

Subscribe to email list here: http://bit.ly/1gbcde4","['feminist', 'meninst', 'feminism', 'prank', 'meninist prank', 'meninism prank', 'antifeminism', 'protest', 'slapped', 'prank gone wrong', 'masculism', 'rally', 'college', 'feminist rally', 'feminist prank', 'feminism prank', 'social experiment', 'pickitting', 'funny', 'hilarious', 'attacked']",[],20150320,1793686,69792.0,400.0,en,2026-05-23T07:43:29.736103+00:00,yt-dlp
youtube,video,search,fjdlJBSp1lc|abcqanda,fjdlJBSp1lc,https://www.youtube.com/watch?v=fjdlJBSp1lc,UCvy9bjqfawiaE_CklFSdnzg,abcqanda,"Jordan Peterson: ""I'm Not Anti-Feminist"" | Q&A","Monday, 25 February 2019

Jordan Peterson says that he’s not anti-feminist, but that there’s a brand of radical feminism that insists that our culture is an oppressive patriarchy - which he views as an appalling sociological doctrine.

For more from Q&A, click here: http://www.abc.net.au/qanda

Follow us on Twitter: https://twitter.com/QandA
Like us on Facebook: https://www.facebook.com/abcqanda/
Subscribe to us on YouTube: https://ab.co/2E3pCZ9

Q&A is a television discussion program that focuses mostly on politics but ranges across all of the big issues that set Australians thinking, talking and debating.

It is driven by interaction: Q&A provides a rare opportunity for Australian citizens to directly question and hold to account politicians and key opinion leaders in a national public forum and Q&A is broadcast live so that not only the studio audience but also the wider audience can get involved.

We aim to create a discussion that is constructive, that reflects a diverse range of views and that provides a safe environment where people can respectfully discuss their differences.

It’s impossible to represent every view on a single panel or in one audience but we’re committed to giving participants a fair go.

In order to be as inclusive and diverse as possible, the program is presented from a range of locations around the country and all Australians are encouraged to get involved through social media as well as by joining the audience.

This is an official Australian Broadcasting Corporation YouTube channel.","['Q&A', 'QandA', 'auspol', 'australian politics', 'Tony Jones', 'politics', 'abc', 'abc news', 'jordan peterson', 'feminism', 'patriarchy']",[],20190228,9598809,107667.0,,en,2026-05-23T07:43:31.816125+00:00,yt-dlp
youtube,video,search,pZBpdZbSYSg|BBC Trending,pZBpdZbSYSg,https://www.youtube.com/watch?v=pZBpdZbSYSg,UCRTcuf-RM24BmY5XsiRP-mw,BBC Trending,Meet the 'Women Against Feminism',"Young women around the world have been posting selfies in protest against feminist ideas.

The movement started on Tumblr, before moving to Twitter and Facebook. There's been a strong reaction from feminists, who say their ideas have been misunderstood.

BBC Trending meets some of the women involved on both sides.

SUBSCRIBE to BBC Trending:  http://bit.ly/SubBBCTrending 

Like what you see? Follow us here:
BBC Trending blog: http://www.bbc.com/trending 
Twitter: http://www.twitter.com/bbctrending
BBC Trending Radio: http://www.bbc.co.uk/podcasts/series/trends","['BBC Trending', 'Suffrage (Literature Subject)', 'BBCTrending', 'Anti-Feminism', '#WOMENAGAINSTFEMINISM', 'Feminism (Literary School Or Movement)', '#BBCTrending', '#BBCtrending', 'Women Against Feminism']",[],20140724,184895,5594.0,400.0,en,2026-05-23T07:43:45.932524+00:00,yt-dlp
youtube,video,search,0H-mXMIqw9A|TV5 News ,0H-mXMIqw9A,https://www.youtube.com/watch?v=0H-mXMIqw9A,UCAR3h_9fLV82N2FH4cE4RKw,TV5 News ,After Watching This You'll Hate Our Leaders | Politicians Awkward Comments on Women : TV5 News,"►  Download TV5 Android App: http://goo.gl/8mMEOX
► Subscribe to TV5 News Channel: http://goo.gl/NHJD9
►Our Website : http://www.tv5news.in
► Like us on Facebook: http://www.facebook.com/tv5newschannel
► Follow us on Twitter: https://twitter.com/tv5newsnow
► Circle us on TV5 News Channel G+: https://plus.google.com/+tv5newschannel
► Follow us on Pinterest: https://www.pinterest.com/tv5newschannel","['political leaders comments on girls', 'modi comments on sunanda pushkar', 'shriprakash jaiswal comments on women', 'shinde comments on jaya bachchan', 'prakash karat comments on mamata banerjee', 'somnath bharathi comments on girls', 'ias officer riju bafna sexual harrasment case', 'tapas paul comments on cpm women', 'sharad yadav comments on south indian women', 'giriraj singh comments on sonia gandhi', 'lakshmikant parsekar comments on nurses', 'tv5 news', 'live news']",[],20150806,909,,1.0,,2026-05-23T07:43:47.917234+00:00,yt-dlp
youtube,video,search,0PXL5FVHmOk|TEDx Talks,0PXL5FVHmOk,https://www.youtube.com/watch?v=0PXL5FVHmOk,UCsT0YIqwnpJCM-mx7-gSA4Q,TEDx Talks,How to hate politics: Jennifer Hollett at TEDxDistilleryDistrictWomen,"Jennifer Hollett is an award winning broadcast journalist (CBC, CTV, MuchMusic) and a leader in Canada's rising generation of new community organizers and activists. Her topic will be ""How to hate politics"".

In the spirit of ideas worth spreading, TEDx is a program of local, self-organized events that bring people together to share a TED-like experience. At a TEDx event, TEDTalks video and live speakers combine to spark deep discussion and connection in a small group. These local, self-organized events are branded TEDx, where x = independently organized TED event. The TED Conference provides general guidance for the TEDx program, but individual TEDx events are self-organized.* (*Subject to certain rules and regulations)","['tedx talk', 'Women in Politics', 'Right to Vote', 'tedx', 'Canada (Country)', 'Provincial Politics', 'English', 'Global Issues', 'TEDxDistilleryDistrictWomen', 'TEDx', 'Toronto Municipal Politics', 'Women in Canadian Politics', 'Politics', 'ted talks', 'ted talk', 'Federal Politics', 'ted x', 'tedx talks', 'ted']",[],20140124,5514,67.0,0.0,en,2026-05-23T07:43:50.701323+00:00,yt-dlp
youtube,video,search,T2Uq4JDJWRY|The Economic Times,T2Uq4JDJWRY,https://www.youtube.com/watch?v=T2Uq4JDJWRY,UCJFOER35ggIWwsXh2ZDnqyg,The Economic Times,Women group writes to PM expressing 'horror' over hate speech,"More than 170 activists and women group on Monday sent an open letter to Prime Minister Narendra Modi expressing ""horror"" over the alleged hate speeches made by BJP leaders and accused them of using ""fear of rape as a campaign message"" during the ongoing Delhi poll rallies.
                       
► Subscribe to The Economic Times for latest video updates. It's free! - http://www.youtube.com/TheEconomicTimes?sub_confirmation=1

► More Videos @ ETTV - http://economictimes.indiatimes.com/TV

► http://EconomicTimes.com

► For business news on the go, download ET app:
https://etapp.onelink.me/tOvY/EconomicTimesApp

Follow ET on:

► Facebook - https://www.facebook.com/EconomicTimes 
► Twitter - http://www.twitter.com/economictimes
► LinkedIn - http://www.linkedin.com/company/economictimes
► Instagram - https://www.instagram.com/the_economic_times
► Flipboard - https://flipboard.com/@economictimes

The Economic Times | A Times Internet Limited product","['Business News', 'Financial News', 'Delhi Assembly elections', 'women groups', 'letter to PM', 'Prime Minister Narendra Modi', 'hate speeches', 'BJP leaders']",[],20200203,197,3.0,0.0,en,2026-05-23T07:43:52.917429+00:00,yt-dlp
youtube,video,search,YWeKsNPdhMw|SBS The Feed,YWeKsNPdhMw,https://www.youtube.com/watch?v=YWeKsNPdhMw,UCTILfqEQUVaVKPkny8QRE0w,SBS The Feed,Inside the hateful and lonely world of incel men | Uncovering Incels (Part 1) | Short Documentary,"Watch the next episode of Uncovering Incels here: https://youtu.be/Ws-f5BxfGok

Content warning: Contains violent and distressing content, including references to sexual violence and racist slurs.

The incel community is a world that’s usually closed off to the outside - especially to women. Incels, short for 'involuntary celibates', are mostly lonely young men who can’t find a sexual or romantic partner – and resent women for it.

In this two-part investigation, two female producers meet with current and former incels from around Australia to learn what it means to be an incel.

Chapters:
00:00 – 01:01 Intro 
01:30 – 02:14 What is an incel? Meet “Tom”
02:15 – 03:54 What do incels talk about? Inside an incel chatroom
04:21 – 05:04 Having lunch with five incels. Do incels date?
05:03 – 05:54 What do incels believe?
05:55 – 07:20 Where is the incel movement headed?
07:21 – 08:26 Do all incels hate women? What do some incels do to try to attract women?
08:27 – 09:39 Are all incels virgins?
09:40 – 10:22 Incels and relationships?
10:23 – 10:44  Sneak peek of Part 2

Reporter/Producer: Michelle Elias
Producer: Jennifer Luu
Shooters: Daniel Gallagher, James Gilligan, Gavin Blyth
Editors: Gavin Blyth, Mark Tadic, Tom Adams 
Sound: Andrew Timlin
Graphics: Caroline Huang 
Digital Lead: Jodie Noyce 

Subscribe to more Feed content HERE: https://bit.ly/3e9mv1q

The Feed is the home of inspiring documentaries, hard-hitting investigations and razor-sharp satire.

We invite our audience to see different, know better and laugh harder.

Facebook: https://www.facebook.com/thefeedsbs
Instagram: https://www.instagram.com/thefeedsbs/?hl=en
Twitter: https://twitter.com/thefeedsbs?lang=en
Read more: https://www.sbs.com.au/news/the-feed
See more: https://www.sbs.com.au/ondemand/program/the-feed

Network Terms & Conditions: https://www.sbs.com.au/terms
Privacy Policy: https://www.sbs.com.au/privacy
Feedback or complaints: https://www.sbs.com.au/complaints","['current affairs', 'news', 'australia', 'young', 'interviews', 'vice', 'SBS', 'The feed', 'auspol', 'Tiktok', 'taboo', 'Incel', 'Incels', 'Inceldom', 'Involuntary celibate', 'Involuntarily celibate', 'Involuntary', 'boyfriend', 'Misogyny', 'Andrew Tate', 'célibe involuntario', 'célibe involuntaria', 'Taylor Swift', 'Matty Healy', 'Azealia Banks', 'Jordan Peterson', 'Samuel L. Jackson', 'Brie Larson', 'Loneliness', 'Single', 'dating', 'relationships', 'love', 'lonely', 'outcast', 'Celibate', 'Celibacy', 'What is an incel', 'Are incels a threat to society', 'Virgins', 'Virginity']",[],20230629,972701,14458.0,400.0,,2026-05-23T07:44:13.909393+00:00,yt-dlp
youtube,video,search,fXuZ-3Qw3mY|theDonWEBB,fXuZ-3Qw3mY,https://www.youtube.com/watch?v=fXuZ-3Qw3mY,UC--KRIkF7ZpCJ820VDKPORQ,theDonWEBB,INCEL Goes on RANT about Women,"Today we are going to take a look at an Incel. This incel goes on a full rant about women and says that he's done with women. As you can see, this is a young man no older than 18 years old and he has already ended at the conclusion that women are no good and he rather live without them. He is currently experiencing ""Red Pill Rage"". Red pill rage is when a man finds out the truth about female nature and simply has an emotional breakdown. Others that are more invested into this ideology could tell you more but that isn't why I'm here.  Young men watching this must understand life has many positives and negatives, but it is best to live life without any fear or negative emotion towards anything. 

WELCOME TO THE CHANNEL!!! LET'S RUN IT UP!!!. LIKE, COMMENT, AND SUBSCRIBE, HIT THAT BELL FOR POST NOTIFICATIONS!!!  

SEND ME VIDEOS, STORIES, AND/OR IF YOU WOULD LIKE MY ADVICE ON ANY SUBJECT AND I'LL POTENTIALLY MAKE A VIDEO OUT OF IT. SEND ALL TO: thedonwebbspeaks@gmail.com  

Instagram: https://www.instagram.com/thedonwebb
Twitter: https://www.twitter.com/thedonwebb
TikTok: https://www.tiktok.com/@thedonwebb
Twitch: https://www.twitch.tv/thedonwebb

This is for entertainment purposes only.

MY VIDEO WAS MADE FOR PURE ENTERTAINMENT PURPOSES. THESE COPYRIGHTS BELONG TO THEIR RIGHTFUL OWNERS.

Copyright Disclaimer Under Section 107 of the Copyright Act 1976, allowance is made for fair use for purposes such as criticism, comment, news reporting, teaching, scholarship, and research. Fair use is a use permitted by copyright statutes that might otherwise be infringing. Non-profit, educational, or personal use is in favor of fair use.

#incel #redpill #mgtow #fyp #viral #tiktok #tiktoker #duet #stitch #thedonwebb #men #women #masculine #masculinity #feminine #feminism #femininity #alpha #beta #patriarchy #simp #simping #nosimp #gym #gymtok #modernwomen #modernwoman #youtube #youtuber #youtubeshorts","['dating advice for men', 'red pill', 'the red pill', 'incel', 'red pill rage', 'rage', 'women', 'woman', 'man', 'men', 'mgtow', 'men going their own way', 'hypergamy', 'hypergamous woman', 'modern women', 'rant', 'incel goes on rant', 'incel goes on full rant', 'incels', 'the rise of incels', 'incels on tiktok', ""what's wrong with incels"", 'involuntary celibate', 'alek minassian', 'how to talk to girls', 'how to get a girlfriend', 'dating advice', 'dating', 'relationship advice', 'relationship']","['incel', 'redpill', 'mgtow', 'fyp', 'viral', 'tiktok', 'tiktoker', 'duet', 'stitch', 'thedonwebb', 'men', 'women', 'masculine', 'masculinity', 'feminine', 'feminism', 'femininity', 'alpha', 'beta', 'patriarchy', 'simp', 'simping', 'nosimp', 'gym', 'gymtok', 'modernwomen', 'modernwoman', 'youtube', 'youtuber', 'youtubeshorts']",20230612,91,3.0,2.0,en,2026-05-23T07:44:16.246702+00:00,yt-dlp
youtube,video,search,7Wl-Zgy1EKM|Don't Tell Comedy,7Wl-Zgy1EKM,https://www.youtube.com/watch?v=7Wl-Zgy1EKM,UC7MgijK9WL_EqCo1juUERwg,Don't Tell Comedy,I Feel Bad for Incels | Maddie Wiener | Stand Up Comedy,"In Maddie Wiener's 2nd Don't Tell Comedy set, she jokes about questioning her gender, why emo kids deserve justice, and the solution to the incel epidemic

Comedy is at its best when there's a surprise – that's why Don't Tell Comedy puts on events where the performers and location are kept secret until the day of the show. With over 200 cities already in on the joke, you never know where we'll set up shop, or who might pop in. Want to be let in on the secret? Visit our website below to find an upcoming show near you: https://www.donttellcomedy.com

Just don't tell anyone!! 🤫

-----------------------------------------------------------

Maddie Wiener has opened for Dave Attell, Anthony Jeselnik, Nikki Glaser, Joe List, Matteo Lane and others. She was selected as a New Face at the 2021 Just for Laughs Festival, and has taped a stand up set for Comedy Central. She has also appeared on You Up w/ Nikki Glaser on Comedy Central's Sirius XM channel, and PAUSE with Sam Jay on HBO. She is a regular at The Comedy Cellar in New York City, Goodnights Comedy Club in her home state of North Carolina, and several weird bars in between.

Instagram: https://www.instagram.com/maddietwiener/

----------------------------------------------------------- 

Your soap is a joke! Major shoutout to Dr. Squatch for making this stand-up series possible. Upgrade your personal care with 15% off your order of $50+ with code DTC15

----------------------------------------------------------- 

Credits:
Written and Performed by Maddie Wiener

Executive Producers: Kyle Kazanjian-Amory & Brett Kushner
VP of Production: Marissa Gallant
Director: Gordie Earle III & Brad Silnutzer
Director of Photography: Mark Davis

DTC Producer, Columbus: Dorothy Lowenstein
DTC Producer, Columbus: Peter Ostapowicz

Gaffer: Tom Gallagher
Key Grip: Casey Hunter
Swing: Robby Sliwinski

Camera Operators:
Ivy Beam
Sean Grevencamp
Sammy Lahiri
Brandon Manyara
Drew Ndengabaganizi
Rebecca Rajadnya

1st AC:
Taylor Tigner

Editor: Jordan Tetewsky
Color Correction: Mark Davis
Sound Recordist: Nick Noble
Re-Record Mixer: Ryan Meadows

Graphics: Megan Hunter

Production Assistants:
Ahmed Ali
Eli Kaltenecker

Photographer: James Godwin (https://www.instagram.com/karijcreativeco/)

Special thanks to our generous hosts, Kobolt Studios in Columbus, Ohio","['donttellcomedy', ""don't tell comedy"", 'stand up comedy', 'best comedy', 'stand up comedy full', 'stand up comedy full special 2024', 'stand up', 'standup comedy', 'comedy videos', 'funny clips', 'stand up comedy 2024', 'stand up comedy full special', 'funny jokes', 'dont tell comedy', 'best stand up', 'maddie weiner', ""maddie weiner don't tell comedy"", 'maddie wiener stand up', 'maddie wiener comedy', 'maddie wiener fallon', 'maddie wiener podcast', 'maddie wiener willpower', 'maddie wiener dont tell']",[],20250728,245382,18072.0,400.0,en,2026-05-23T07:44:33.786810+00:00,yt-dlp
youtube,video,search,72_vKNULbms|Catfished,72_vKNULbms,https://www.youtube.com/watch?v=72_vKNULbms,UCns8cwhpu92cYJHAlEfWz_w,Catfished,Everyone Told Her It Was a Scam… She Didn’t Listen,"Join this channel to get access to perks:
https://www.youtube.com/channel/UCns8cwhpu92cYJHAlEfWz_w/join

Help us with equipment needs: https://www.amazon.com/hz/wishlist/ls/3NB08JXDBJ684?ref_=wl_share

Support us on paypal
https://scfme.co/CatfishedTip
===============================
Want help finding out if the person you're talking to online is real or not?🔎 Email us at Sharemystory@socialcatfish.com for a chance to be featured on our Scamfish! 
===============================
Try our search tools! 👉 https://scfme.co/ytmalakhai
===============================
We help people find lost loved ones and verify if someone you’ve met online really is who they say they are. We’ve been featured in The Huffington Post, Tech.co, and have even been on the Australian TV show, A Current Affair, for the work that has come out of our site and the information that we deliver. 
===============================
🚨 Follow Us For Latest Content! 🚨  
 📸 Instagram: https://www.instagram.com/socialcatfish/  
🎵TikTok: https://www.tiktok.com/@social_catfish  
👥 Facebook:  https://www.facebook.com/SocialCatfish/  
X: https://twitter.com/socialcatfish  
 ===============================
#catfished","['online dating', 'dating', 'catfish', 'dating scam', 'online dating scam', 'online dating scams', 'scam', 'catfished', 'dating site scams', 'catfish scam', 'top 5 people who got catfished', 'online dating catfish scam', 'catfish dating', 'romance scam', 'scams', 'online scam', 'romance scams', 'dating app', 'dating apps', 'dating sites', 'online dating service', 'socialcatfish']",['catfished'],20230419,2967279,55521.0,400.0,en,2026-05-23T07:44:56.010924+00:00,yt-dlp
youtube,video,search,yqcJbDJTa7g|Nate The Lawyer,yqcJbDJTa7g,https://www.youtube.com/watch?v=yqcJbDJTa7g,UCD5_QIM67BZJdh9AwZv3soA,Nate The Lawyer,She Used “Believe All Women” to Setup MeToo Fraud But Got Caught.,"Trevor Bauer’s accuser, Lindsey Hill, responded Tuesday to the pitcher’s X video in which he revealed texts and one video meant to prove his innocence in response to her sexual assault allegations.

The two settled their dual lawsuits recently without money being exchanged after she accused the 2020 NL Cy Young Award winner of assault.

Join Me On The Journey To 1M Subscribers.

💖 Become a Channel Member for Perks and Specials 💖 | https://www.youtube.com/channel/UCD5_QIM67BZJdh9AwZv3soA/join

💥💥💥CONNECT WITH ME ON SOCIAL MEDIA 💥💥💥
➡️ FOLLOW ME ON LOCALS    ➜   https://NATETHELAWYER.locals.com 
➡️ FOLLOW ME ON TWITTER  ➜   https://twitter.com/NATETHELAWYER 
➡️ FOLLOW ME ON PATREON ➜   https://www.patreon.com/NateBroady 
➡️ FOLLOW ME ON FB PAGE   ➜   https://www.facebook.com/NateTheLawyer
➡️ FOLLOW ME ON ROKFIN    ➜    https://www.rokfin.com/NATETHELAWYER 

SUPPORT LINKS
🚨PayPal       ➜   https://www.paypal.me/BroadyLaw 
🚨PATREON  ➜   https://www.patreon.com/NateBroady 
🚨LOCALS     ➜   https://NATETHELAWYER.locals.com
-------------------------------------------------------------
➡️ SUBSCRIBE ➜  👇👇👇
🌍 https://www.youtube.com/channel/UCD5_QIM67BZJdh9AwZv3soA 
-------------------------------------------------------------
The information on this YouTube Channel is for general information purposes only. This is an entertainment show for entertainment purposes ONLY. 

NOTHING ever said on the channel or on any platform is legal advice for any individual case or situation. I AM NOT YOUR LAWYER and if you need a lawyer, please seek a licensed professional in your area. 

DON'T FORGET TO LIKE, SUBSCRIBE, COMMENT AND SHARE!!!",[],[],20231011,1985334,25465.0,400.0,en,2026-05-23T07:45:14.773256+00:00,yt-dlp
youtube,video,search,PU3x29_Cxls|Catfished,PU3x29_Cxls,https://www.youtube.com/watch?v=PU3x29_Cxls,UCns8cwhpu92cYJHAlEfWz_w,Catfished,She Thinks She’s Marrying Matt Rife… But It’s All Fake,"Join this channel to get access to perks:
https://www.youtube.com/channel/UCns8cwhpu92cYJHAlEfWz_w/join

Need help from our search specialists? 👉 https://form.jotform.com/250624970050148

Support us on paypal
https://streamelements.com/catfishedonline/tip
===============================
Want help finding out if the person you're talking to online is real or not?🔎 Email us at Sharemystory@socialcatfish.com for a chance to be featured on our Scamfish! 
===============================
We help people find lost loved ones and verify if someone you’ve met online really is who they say they are. We’ve been featured in The Huffington Post, Tech.co, and have even been on the Australian TV show, A Current Affair, for the work that has come out of our site and the information that we deliver. 
===============================
🚨 Follow Us For Latest Content! 🚨  
 📸 Instagram: https://www.instagram.com/catfishedonline/  
🎵TikTok: https://www.tiktok.com/@catfishedonline  
👥 Facebook:  https://www.facebook.com/catfishedonline/  
X: https://twitter.com/socialcatfish  
 ===============================
#catfished","['online dating', 'dating', 'catfish', 'dating scam', 'online dating scam', 'online dating scams', 'scam', 'catfished', 'dating site scams', 'catfish scam', 'top 5 people who got catfished', 'online dating catfish scam', 'catfish dating', 'romance scam', 'scams', 'online scam', 'romance scams', 'dating app', 'dating apps', 'dating sites', 'online dating service', 'socialcatfish', 'tech', 'website', 'relationship', 'catfishing', 'scammers', 'psychology', 'investigative', 'scambaiting']",['catfished'],20250528,1883121,41694.0,400.0,en,2026-05-23T07:45:30.577437+00:00,yt-dlp
youtube,video,search,LhjsRjC6B8U|TEDx Talks,LhjsRjC6B8U,https://www.youtube.com/watch?v=LhjsRjC6B8U,UCsT0YIqwnpJCM-mx7-gSA4Q,TEDx Talks,Everyday sexism: Laura Bates at TEDxCoventGardenWomen,"In this fascinating talk, founder of the award-winning EverydaySexismProject, Laura Bates, talks about her inspiring initiative. The EveryDaySexism is an ever-increasing collection of over 50,000 women's experiences of gender imbalance. The stories come from women of all ages, races and sexual orientations, disabled and non-disabled, employed and unemployed, religious and non-religious. The project has expanded into 18 countries worldwide and become internationally renowned, featuring in media from the New York Times to French Glamour, CNN to Grazia South Africa, Cosmopolitan to the Times of India.

See more in: www.everydaysexism.com

In the spirit of ideas worth spreading, TEDx is a program of local, self-organized events that bring people together to share a TED-like experience. At a TEDx event, TEDTalks video and live speakers combine to spark deep discussion and connection in a small group. These local, self-organized events are branded TEDx, where x = independently organized TED event. The TED Conference provides general guidance for the TEDx program, but individual TEDx events are self-organized.* (*Subject to certain rules and regulations)","['Community', '720p', 'ted talk', 'Rights', 'TEDx', 'Social Change', 'TEDxCoventGardenWomen', 'United Kingdom', 'ted talks', 'TEDxCGW', '7th Event', '2013', 'English', 'tedx talk', 'tedx talks', 'Global Issues', 'ted x', 'London', 'Activism', 'tedx', 'Activist', 'Action', 'ted']",[],20140117,1534575,43867.0,21.0,en,2026-05-23T07:45:33.001973+00:00,yt-dlp
youtube,video,search,IshrD4mjnNU|TEDx Talks,IshrD4mjnNU,https://www.youtube.com/watch?v=IshrD4mjnNU,UCsT0YIqwnpJCM-mx7-gSA4Q,TEDx Talks,Everyday sexism | Laura Bates | TEDxOxford,"This talk was given at a local TEDx event, produced independently of the TED Conferences. In this powerful and touching talk, Laura Bates confronts us with the realities of everyday sexism at UK universities. Quoting from eyewitness reports, she tells us shocking stories of women being expected to 'race to strip' as part of initiations; point scoring systems for sleeping with (especially virgin) freshers; and male freshers being forced to watch pornography. Moving from past problems to hopes for the future, Laura Bates reminds us that we can fight these sexist aspects of uni culture if we all stand together.

Laura Bates is the founder of the
Everyday Sexism project, a collection of
women's daily experiences of gender
inequality, which aims to step towards
gender equality by demonstrating that
sexism still exists in abundance in the UK
and abroad, despite what many think. In
December 2013 the project received its 50,000th entry. She is also contributor at Women Under Siege, a New York-based project working to combat the use of sexualised violence as a tool of war. She has written for the Independent, the Huffington Post, Grazia, the Women's Media Center and JUMP!Magazine for girls.

About TEDx, x = independently organized event In the spirit of ideas worth spreading, TEDx is a program of local, self-organized events that bring people together to share a TED-like experience. At a TEDx event, TEDTalks video and live speakers combine to spark deep discussion and connection in a small group. These local, self-organized events are branded TEDx, where x = independently organized TED event. The TED Conference provides general guidance for the TEDx program, but individual TEDx events are self-organized.* (*Subject to certain rules and regulations)","['Global Issues', 'Social Justice', 'United States', 'English', 'tedx talks', 'tedx talk', 'ted talks', 'ted talk', 'ted', 'ted x', 'tedx', 'TEDxTalks']",[],20141013,147179,3020.0,347.0,en,2026-05-23T07:45:54.260824+00:00,yt-dlp
youtube,video,search,pxLN0BShyLQ|Women Safety Wing Telangana Police,pxLN0BShyLQ,https://www.youtube.com/watch?v=pxLN0BShyLQ,UCIU6nZbHFUj9wNCTlOdRLbQ,Women Safety Wing Telangana Police,#StandWithHer 3rd Theme | Everyday Sexism & Emotional Safety | Full Panel Discussion,"In the 3rd edition of the #StandWithHer panel discussions, industry leaders, creators, and changemakers come together to talk about a subject that often goes unnoticed — Everyday Sexism & Emotional Safety.

From workplaces to public spaces, from casual remarks to silent discomfort, this conversation sheds light on the importance of creating environments where women feel respected, heard, and emotionally safe.

Panel Members:
* Sailesh Kolanu – Film Director
* Sharath Chandra – Co-Founder, Chai Bisket
* Masood Hussainy – Executive Director, Tata Advanced Systems
* Sailaja Josyula – Global Head GCC Service Line, Cognizant
* Charu Sinha – DGP, Women Safety Wing
* Prema Malini – Senior Journalist

Watch the full discussion and join the movement towards safer, more respectful spaces for everyone.

#StandWithHer #EverydaySexism #EmotionalSafety #WomenSafety",[],"['standwithher', 'standwithher', 'standwithher', 'everydaysexism', 'emotionalsafety', 'womensafety']",20260516,800,14.0,0.0,en,2026-05-23T07:45:56.563660+00:00,yt-dlp
youtube,video,search,u9aiG33ZGa4|Steve Shives,u9aiG33ZGa4,https://www.youtube.com/watch?v=u9aiG33ZGa4,UCD4qMoFPUEzSn4CurFLJkIQ,Steve Shives,Five Stupid Things About the Wage Gap,"The wage gap between men and women is a statistically verified fact. Instead of arguing over whether or not it exists, we should be working together on what to do about it. 

Below are the major sources I used when writing this video. They're an excellent place to start if you want to research the subject yourself:

""The Simple Truth about the Gender Pay Gap""
http://goo.gl/15A96M

""Global Gender Gap Report 2014""
http://goo.gl/FSS1Dg

""The Wage Gap""
http://goo.gl/BWSfhg

""Highlights of women’s earnings in 2013""
http://goo.gl/chKivt

Don't forget to hit the ""Subscribe"" button if you're new around here and you like what you see!

And please consider supporting this channel.

To Pledge at My Patreon Page:
http://www.patreon.com/steveshives

To Support This Channel Via Fan Funding:
Click the blue ""Support"" button on my channel homepage
https://www.youtube.com/user/stevelikes2curse

To Donate Via PayPal, Click the ""Donate via PayPal"" link on my channel's About page:
https://www.youtube.com/user/stevelikes2curse/about

Thanks!","['Feminism (Literary School Or Movement)', 'progressive youtubers', 'Gender Pay Gap', 'income gender gap', 'income disparity', 'steve shives', 'wage gap', 'global gender gap', 'global gender gap report 2014', 'Politics (TV Genre)', 'Discrimination (Film Subject)']",[],20150826,17781,,201.0,en,2026-05-23T07:46:08.297483+00:00,yt-dlp
youtube,video,search,zT6fSr_YGjo|Feminism Sucks,zT6fSr_YGjo,https://www.youtube.com/watch?v=zT6fSr_YGjo,UC7sjYgQOIDFRMCzt666_dwA,Feminism Sucks,Yet Another Delusional Feminist Milking The Gender Wage Gap Myth Gets Owned,Watch crazy feminists get completely rekt in this new video. Third wave feminism is a modern day cult for unhappy women. Subscribe!,"['feminism', 'feminist', 'third wave feminism', 'paul joseph watson', 'info wars', 'alex jones', 'prank', 'trump', 'basedfeed', 'fail', 'sjw', 'ben shapiro', 'rebel media']",[],20161024,365,7.0,1.0,en,2026-05-23T07:46:10.850627+00:00,yt-dlp
youtube,video,search,iz3HRqg6Q4A|Economics Explained,iz3HRqg6Q4A,https://www.youtube.com/watch?v=iz3HRqg6Q4A,UCZ4AMrDcNrfy3X6nsU8-rPg,Economics Explained,The Controversial 2023 Nobel Prize Explained,"Download Brave at https://www.brave.com/economics to get started. To get 25% off your first 3 months, open Brave on your computer and click “VPN” in the address bar. Enter code ECONOMICS at checkout for 25% off your first 3 months.

We've avoided talking about the gender pay gap for a long time because, frankly, it's an emotional topic. But this year's Nobel Prize in Economics (Sveriges Riksbank Prize) was awarded to Claudia Goldin for her work explaining the gender pay gap using historical data and taking the emotion out of the equation. 

This video was made possible by our Patreon community! ❤️
See new videos early, participate in exclusive Q&As, and more!
➡️ https://www.patreon.com/EconomicsExplained

▀▀▀▀▀▀▀▀▀▀▀▀▀▀▀▀▀▀▀▀▀▀▀▀▀
The Economic Explained team uses Statista for conducting our research. Check out their YouTube channel: https://www.youtube.com/channel/UCuj2Bne141HGmYFsbkfnbqw

Check out our other channel Epic Economics → https://www.youtube.com/@economicsexplainedessentia551

And our Language Channels → 
WirtschaftsWissen (GER) - https://www.youtube.com/@wirtschafts-wissen/
L'Économie Expliquée (FRE) - https://www.youtube.com/@Economie-Expliquee
Economia Explicada (POR) - https://www.youtube.com/@Economia_Explicada
Economía Explicada (SPA) - https://www.youtube.com/@Economia-Explicada
اقتصاد العالم (AR) - https://www.youtube.com/channel/UC2e5T8HRatVL05rhhhqRkXA
経済会話 (JP) - https://www.youtube.com/@KeizaiKaiwa

Enjoyed the video? Comment below! 💬
⭑ Enjoyed? Hit the like button! 👍

✉️ Business Enquiries → hello@economicsexplained.com

🎧 Listen to EE on Spotify! 👉 https://open.spotify.com/show/5TFVUEJnYLOCmmfaDNHaM2
Also on Apple Podcasts or anywhere else you listen!

#EconomicsExplained #nobelprize2023

▀▀▀▀▀▀▀▀▀▀▀▀▀▀▀▀▀▀▀▀▀▀▀▀▀

ECONOMICS EXPLAINED IS MADE POSSIBLE BY OUR PATREON COMMUNITY 👊🙏
Support EE by becoming a Patron today! 👉 https://www.patreon.com/EconomicsExplained

The video you’re watching right now would not exist without the monthly support provided by our generous Patrons:
👑 ROYALTY CLASS 👑
Juan Benet

ELITE CLASS
Charles Youngs

UPPER CLASS
Jeromy Johnson

UPPER MIDDLE CLASS
Wendover Productions, Igor Bazarny, Andrew Harrison, Paul Ashworth, Laor Glukhovsky, Kib Bibens-LeFebvre, Post Apocalyptic In Missouri, Brett Jubinville, JKH, Anthony Roberts, jill hoffman, Nathan Ngumi, Forodon, Michael Ling, Sophie G, Frank Soltero, Grégoire Duchêne, Jay Eno, David Poliakoff, Stephanie Roth, Peter Wesselius, std__mpa, Pineapples&bricks, Adrian Bellomo, Rory Struthers.

MIDDLE CLASS
Steffen Lindner, Hayden van Reyswoud, John C, Donald Wedington, Demo sthenes, Rimvydas, John Downie, Sridev, Matt McKee, Victor T., Andrew Vinnichenko, Zachary Kasow, Johannes, Nigel Pauli, Jacob, Pedro Brito, Marton Szasz, Travis Thompson, Matthew Eggleston, Michael Kürbis, Anthony, Trevor, Marcel Roquette, Daniel Hall, John D Tyler, Petronio Coelho, Kevin MacIntyre, Craig Mews, Jonathan Krailler, Franklin, PM, Jack Annear, michael, Connor Costello, Reuben Field, Siegfried Eggl, How long can a profile name be... this long... Wow, this is longer than I would have expected. Good lord, the letters! Secunda!, Will, Andrey Kalganov, David Taylor, Scott Greenwood, Jane Walerud, Simon Sturmer, Zachary Demko, Michael Wolff, Ed, Daniel Alberto Vázquez Rodríguez, Kamil Sicinski, Dodd Willingham, David McIlveen, Arend Peter Castelein, Kent Klatchuk, Hugh Harris, David W., Chris Hawkins, Robert Nyborg, Leo Vassershteyn, Kheng Lai Tan, Roman~1, Wesley Fite, Zac Woodrell, Michael D. Hall, Randy Cleary, Long Phan, Liubov Zvereva, AB3, Karan Mehta, Arjan, Marton Csikos, Alex, Justin Smith, Wees Kendall, John Issitt, Eric Slimko, Empyre18, Brian Jackson, Istvan P, Joe Ryan, Patrick Staight, Shane Guthrie, Elisabeth Stanfield, Joshua White, Andrew Baartz, Ash, Abel, Kim Brand, Ted Marcy, Jim Kirker, roGER, Leonid Sorokoumov, Nicholas Luchetta, Kenneth Lum, Thomas Davenport, Robert Abraham, Ps0Fa, Klaus Clemens, Derrick Yowell, BUBBA CONWAY, Seth, Alex Wong, Jamie Costello, Rick Van Velden, Bacongravy, Leah Klearman, Jason, Tenebrion, Dragan Alexandru, Vladimir Zotov, Brian, Chris, DionysusLin, William Sherlock, Justin Thiele, Gerhardus.","['economics', 'economics explained', 'economy explained', 'nobel prize', 'nobel prize 2023', 'nobel prize economics', 'nobel prize economics 2023', 'claudia goldin nobel prize', 'gender pay gap', 'gender pay gap debunked', 'gender pay gap explained']","['economicsexplained', 'nobelprize2023']",20231029,655602,20085.0,400.0,en,2026-05-23T07:46:24.426848+00:00,yt-dlp
youtube,video,search,mJ7TWW3S8nA|Public Freakout Central,mJ7TWW3S8nA,https://www.youtube.com/watch?v=mJ7TWW3S8nA,UCYfGjumrF8z9ICm0mjjq0Sw,Public Freakout Central,Feminist Destroyed After Her Own Daughter Becomes Tradwife,Feminist Destroyed After Her Own Daughter Becomes Tradwife,"['4chan', 'stories', 'anonymous', 'voiceover', '4chanstories', 'r/greentext', 'reddit', 'askreddit', 'incel', 'r/askreddit', 'memes', 'virgin', 'basement', 'talesfromtheinternet', 'cringe', '4chan stories', 'voice over', 'green text', 'green text stories', '4chan story time', '4chan top posts', 'r/greentext top posts', 'r/greentext top posts of all time', '4chan funny', '4chan cringe', '4chan sad', '4chan best', '4chan posts']",[],20260520,0,,0.0,en,2026-05-23T07:46:26.373724+00:00,yt-dlp
youtube,video,search,37cXe2XzSus|Sky News,37cXe2XzSus,https://www.youtube.com/watch?v=37cXe2XzSus,UCoMdktPbSTixAyNGwb-UYkQ,Sky News,Is the 'tradwife' anti-feminist? | The Pledge,"The ""tradwife"", a movement celebrating the traditional domestic housewife, is a  trend that has taken Twitter by storm, but Afua Hirsch argues that portraying a traditional housewife as the ideal authentic woman contributes to female oppression

SUBSCRIBE to our YouTube channel for more videos: http://www.youtube.com/skynews
 
Follow us on Twitter: https://twitter.com/skynews 
 
Like us on Facebook: https://www.facebook.com/skynews
 
Follow us on Instagram: https://www.instagram.com/skynews
 
For more content go to http://news.sky.com and download our apps: 
 
Apple: https://itunes.apple.com/gb/app/sky-news/id316391924?mt=8
 
Android https://play.google.com/store/apps/details?id=com.bskyb.skynews.android&hl=en_GB

Sky News videos are now available in Spanish here/Los video de Sky News están disponibles en español aquí: https://www.youtube.com/skynewsespanol","['SKY', 'SKY NEWS', 'NEWS', 'THE PLEDGE', 'AFUA HIRSCH', 'TRADWIFE', 'FEMINISM', 'SEXISM', 'ALT-RIGHT', 'OPPRESSION', 'INEQUALITY', 'GENDER EQUALITY', 'GENDER PAY GAP', 'TRADITION', 'HOUSEWIFE', 'PARENTING']",[],20200124,25803,161.0,104.0,en,2026-05-23T07:46:33.592331+00:00,yt-dlp
youtube,video,search,8zHfHEEtaUk|Breaking Down Patriarchy,8zHfHEEtaUk,https://www.youtube.com/watch?v=8zHfHEEtaUk,UCwQtLYL45SVzJWOX73ZmZ-g,Breaking Down Patriarchy,The TRUTH Behind Trad Wives.,"I’m sure you’ve heard about trad wives - short for “traditional” wives -  who embrace traditional gender roles like cooking all their food from scratch, homemaking, and supporting their husbands as the head of the household. 

Their content is causing quite a stir. In this latest episode of Patriarchy 101, we unpack the history through the lens of two fundamental works of feminist literature: The Second Sex and The Feminine Mystique.

– Video Chapters –
0:00 Introduction 
1:21 Recap
2:00 Trad Wives
2:39 Simone de Beauvoir
3:02 The Second Sex
5:04 Transcendence & Immanence
8:03 Betty Friedan
9:13 The Feminine Mystique
11:25 Capacities are Needs
12:27 Summary & Conclusion

Subscribe to our channel and turn on notifications (🔔) so you don't miss any videos: https://www.youtube.com/@breakingdownpatriarchy  

Watch our extended series Dear Trad Wives here: https://www.youtube.com/watch?v=_SGbVR48njI&list=PL4KX03CVYAFRSJ77WC1LExkNH_O75uecE

Sources:
The Second Sex by Simone de Beauvoir
The Feminine Mystique by Betty Friedan

This video includes archival footage sourced from the Prelinger Archives. This material is used under fair use provisions, solely for educational and commentary purposes. All rights to the original footage remain with their respective copyright holders.

We made a video about the foundations of patriarchy — check it out: https://www.youtube.com/watch?v=LAqVPlS1Q-s&t=122s&ab_channel=BreakingDownPatriarchy 

About: 
Amy McPhie Allebest is a scholar, historian, writer, and independent podcast host. Allebest began the Breaking Down Patriarchy project during her master’s degree at Stanford University in 2020. Her studies there served as the catalyst for the project and podcast. In addition to the project, Allebest is best known for her viral 2016 Medium article titled “Dear Mormon Man, Tell Me What You Would Do.” 

The Breaking Down Patriarchy project uses essential historical texts to better understand the origins of patriarchy and to deconstruct its unjust effects on our minds, relationships, and communities. The project envisions a world in which all human beings are able to flourish and reach their unique potential. We strive to include as many voices as possible, and our work is intersectional and inclusive. We are also firmly committed to the well-being of boys and men, and we enthusiastically and gratefully enlist the help of our non-female allies in creating an egalitarian world where everyone can thrive.

- Where To Find Us -
Instagram: https://www.instagram.com/bdownpatriarchy/
Tiktok: https://www.tiktok.com/@breakingdownpatriarchy
Facebook: https://www.facebook.com/BreakingDownPatriarchy

Written by and Starring Amy McPhie Allebest
Videographer and Editor: Ralph Blair","['trad wives', 'traditional wives', 'patriarchy', 'feminism', 'the Second Sex', 'Simone de Beauvoir', 'Betty Friedan', 'The Feminine Mystique', 'gender studies', 'the cult of domesticity', 'stay at home', 'house wives', 'debate', 'tiktok', 'Nara Smith', 'Estee Williams', 'Controversy', 'Breaking Down Patriarchy', 'Tradwives Explained']",[],20241112,241943,14476.0,400.0,en,2026-05-23T07:46:51.840970+00:00,yt-dlp
