row_id,platform,comment_text,label_A,label_B,role_A,role_B,final_label,final_role,targets_women,hard,reason,source
v2_0004,Twitter,"RT @omfgmeezy: she stole my shit, what a little niglet.",0,1,neutral_discourse,perpetrator_attack,0,neutral_discourse,0,1,Primary slur is racial; not clear gendered women-targeted attack under codebook,adjudicated
v2_0007,YouTube,"Amanda Uesi learning to cook is a skill, anyone can make a sandwich, that’s not cooking, what time will you learn how to?, the best time is early in your 13 -18 when you don’t have that much responsibility, stop telling girls lies, they will end up miserable and sad in the future, stop telling them what they wanna hear but tell them the truth even if it hurts",0,1,neutral_discourse,perpetrator_attack,1,perpetrator_attack,1,0,Gender-essentialist demeaning of girls/women's roles ('stop telling girls lies'),adjudicated
v2_0009,Telegram,"Confession #27

Iam a boy aged 22 i have a gf chubby girl i think she had sex with someone because she is not interested in me as before she does....she just wants money...whoever he have more money she keeps relation with her....that fucking bitch... i tested once without giving any money to her since 1yr and now she doesnt talk to me and finally blocked my number. She only came and proposed to me...and now that fucking bitch doesnt even care abt me..mai baut acha rehtaa thaa...ache se baat kartaa tha aur ache se gumaataa tha...i have also given so much respect what she deserves at that time..but acha rehne se chutiya banaata h na ye duniya k logo ne...ye mera first relationship tha...(83********) ye number ko hi karti thi laundi...mije phone bi nai dikaati thi uskaa....m b nai poostaa tha kyunki vaa pr trust tha...",1,0,perpetrator_attack,neutral_discourse,1,perpetrator_attack,1,0,Repeated 'fucking bitch' + demeaning girlfriend as money-seeking — perpetrator,adjudicated
v2_0017,YouTube,"if toxic masculinity exists, then so does toxic femininity.",0,1,neutral_discourse,perpetrator_attack,0,neutral_discourse,0,1,Meta gender discourse ('toxic femininity'); does not clearly meet attack bar,adjudicated
v2_0021,Reddit,Trashman is a stupid hoarding bitch that thinks his farm will all be hofs,1,0,perpetrator_attack,neutral_discourse,0,neutral_discourse,0,0,'Bitch' aimed at a man (Trashman); not women-targeted for WHSI gold,adjudicated
v2_0022,YouTube,"I think I agree with some of what she says, but it's like someone is speeding up her voice when it's her turn. Why do women have to either shout or speak like a chipmunk to get our point across? I got about halfway through, sorry. Couldn't take it anymore. But what I did sit through, they both remained respectful (despite a couple jabs) which was nice.",1,0,perpetrator_attack,victim_disclosure,0,neutral_discourse,0,1,Mild stereotype about women's speech; below clear attack bar — hard case,adjudicated
v2_0031,YouTube,Ooo man whata slap😂😂😂,0,1,neutral_discourse,perpetrator_attack,0,neutral_discourse,0,0,Reaction to slap video; no gendered attack by author,adjudicated
v2_0033,YouTube,"You're incorrect, normal men do understand. It's the fucked up dudes that are not happy in life that cat call and harass people for walking down the street.",0,1,neutral_discourse,perpetrator_attack,0,neutral_discourse,0,0,Condemns catcalling/harassment; not perpetrator,adjudicated
v2_0064,Twitter,She told me that she love me I looked at and said bitch stop,1,0,perpetrator_attack,neutral_discourse,1,perpetrator_attack,1,0,Author calls woman 'bitch' as insult — perpetrator,adjudicated
v2_0092,Reddit,"u/Jasmyne8, welcome to r/bigtitsinbikinis! Please [**read all our rules** here!](https://www.reddit.com/r/bigtitsinbikinis/about/rules/) *This is an automated message for all posts, this is not a removal message.* **READ BELOW**  
**Rule 5: No names in plaintext**. Posting names in *plaintext* leads to DMCA removals that threaten to get the **entire subreddit** banned **again**. Not cool!  
[Don't know how to use NATO? **Try this.** This site should be stable.](https://www.dcode.fr/nato-phonetic-alphabet)  
A a friendly reminder that posting sources in obsfucated methodology (NATO especially) is both **allowed** and **strongly encouraged**.  
**[READ OUR DNP LIST!](https://www.reddit.com/r/bigtitsinbikinis/comments/1fi92tu/dnp_do_not_post_list_models_whove_repeatedly_made/)** This list serves as a *Do Not Post* list that's updated with women who make or have made mass DMCA claims against this subreddit. To keep your accounts and this entire subreddit from being banned by the *admins*, do not post any women on this list. See: **[Reddit's updated rules against sexual harassment.](https://np.reddit.com/r/RedditSafety/comments/1et3lal/update_on_enforcing_against_sexualized_harassment/)**  
Users who break these rules will have posts removed.  


*I am a bot, and this action was performed automatically. Please [contact the moderators of this subreddit](/message/compose/?to=/r/bigtitsinbikinis) if you have any questions or concerns.*",0,1,neutral_discourse,perpetrator_attack,0,neutral_discourse,0,0,Automated subreddit welcome bot; not author perpetrating,adjudicated
v2_0106,Reddit,"Update...Yup. still circling.

Bitch, if your dumb ass ain't find it yet, you might wanna take the L.",1,0,perpetrator_attack,neutral_discourse,1,perpetrator_attack,1,0,"Direct 'Bitch, if your dumb ass...' insult — perpetrator",adjudicated
v2_0120,Twitter,call me bitch @GlitteredInPink,1,0,perpetrator_attack,neutral_discourse,0,neutral_discourse,0,1,'call me bitch' self-directed/playful; not attack on women,adjudicated
v2_0130,Reddit,"exactly bro - what's will all the bs of asking proof about an assault and then you go all feminazi on SA claims by women about providing proofs. 
Don't let me spell it out on why everyone's asking for proof here? The police in you and the behavior of cops is shameful?
Why'd OP go out of his way to post about something serious if it was baseless?",1,0,perpetrator_attack,neutral_discourse,1,perpetrator_attack,1,0,'feminazi' + demeaning women/SA-proof discourse — perpetrator,adjudicated
v2_0138,Reddit,"u/RexMalaga, welcome to r/bigtitsinbikinis! Please [**read all our rules** here!](https://www.reddit.com/r/bigtitsinbikinis/about/rules/) *This is an automated message for all posts, this is not a removal message.* **READ BELOW**  
**Rule 5: No names in plaintext**. Posting names in *plaintext* leads to DMCA removals that threaten to get the **entire subreddit** banned **again**. Not cool!  
[Don't know how to use NATO? **Try this.** This site should be stable.](https://www.dcode.fr/nato-phonetic-alphabet)  
A a friendly reminder that posting sources in obsfucated methodology (NATO especially) is both **allowed** and **strongly encouraged**.  
**[READ OUR DNP LIST!](https://www.reddit.com/r/bigtitsinbikinis/comments/1fi92tu/dnp_do_not_post_list_models_whove_repeatedly_made/)** This list serves as a *Do Not Post* list that's updated with women who make or have made mass DMCA claims against this subreddit. To keep your accounts and this entire subreddit from being banned by the *admins*, do not post any women on this list. See: **[Reddit's updated rules against sexual harassment.](https://np.reddit.com/r/RedditSafety/comments/1et3lal/update_on_enforcing_against_sexualized_harassment/)**  
Users who break these rules will have posts removed.  


*I am a bot, and this action was performed automatically. Please [contact the moderators of this subreddit](/message/compose/?to=/r/bigtitsinbikinis) if you have any questions or concerns.*",0,1,neutral_discourse,perpetrator_attack,0,neutral_discourse,0,0,Automated bot welcome; not perpetrator,adjudicated
v2_0142,Twitter,RT @guccii1017: wtf was drake asking us to pull over so he can get my autograph bitch I&#8217;m scheelp fuck you drake http://t.co/LzL0JlhdvK,1,0,perpetrator_attack,neutral_discourse,0,neutral_discourse,0,1,'bitch' used toward Drake/situation; not clear women-targeted attack,adjudicated
v2_0146,Telegram,"Confession #45

""I have four sisters 3 are married 4th one ki sagai hui h  and iam the only brother and iam very much loved and pampered one as iam the youngest toh jada pta nahi chla chizon ka bt meri sari didi mujhe kaffi bdi h... Jumping on to that i was normally using my eldest sisters phone and esi hi i checked the photos , and i was shocked to see my sisters nudes in her phone it was wild, like she has her ass, pussy boobs in all angles, taking dicks, yes not only her husband bt also other boyfriend she had i was scared and same time horny i searched more and went thorough her chats she was having one night stands i was thrilled to see this, my sis as a slut... So days passed mt perspective changed and after it i searched all of my sisters phones and i dont know why bt all of them had there nudes in their phones with their husbands the 3 one had videos doing some crazy stuff, now i was on fire... I checked my youngest sis, also wht i thought i found some nudes she was also fucking random dudes and i dont know why bt she wasinto older guys, she had 3-4 dick pics with condoms and cum i didn't get to see her pussy ass or chat bt iam still trying... 
""",0,1,neutral_discourse,perpetrator_attack,1,perpetrator_attack,1,0,Non-consensual sexualization of sisters as 'slut' — clear perpetrator,adjudicated
v2_0156,YouTube,Do you have any idea how many women never even get a slap on the hand punishment after making such accusations? What really gets me raising an eyebrow in this though is that she committed a clear case of insurance fraud and the company hasn't taken her to court.,1,0,perpetrator_attack,neutral_discourse,1,perpetrator_attack,1,0,Demeans women as group re false accusations — perpetrator,adjudicated
v2_0161,Telegram,"Confession #98

I desperately want my wife to cheat on me and to become her cuckold. She's so faithful to me, but I'm the only one she has ever been with. She grew up as a deep South Christian, and still is so she would never cheat unfortunately. She has no idea how good her body can be made to feel. She has wanted a child, but I've struggled to give it to her on account of low sperm and of poor quality. Not to mention the being fat with a small dick, low T, and issues getting it up. Nature's way of telling me I'm a cuck. 

I picture her spreading her legs for another man, that soft gasp as a new dick enters her for the first time and her just letting go and letting them inseminate her and its the only thing that gets me going. It feels natural. When she masturbates, which I know she does in secret, I hope she's fantasizing about the same.",0,1,neutral_discourse,perpetrator_attack,1,perpetrator_attack,1,1,Public sexual objectification of wife without consent framing — adjudicated as perpetrator (hard),adjudicated
v2_0177,Twitter,My teacher talm bout she would make every senior go to da army fa 2yrs &#128530; bitch please meat ainnn doin uh damn thang,1,0,perpetrator_attack,neutral_discourse,1,perpetrator_attack,1,0,'bitch please' dismissing woman teacher — perpetrator,adjudicated
v2_0182,Twitter,@GoldieMack_ hoe told me she was gonna chop my dick off ... She was from Baltimore,1,0,perpetrator_attack,neutral_discourse,1,perpetrator_attack,1,1,Calls woman 'hoe' while recounting threat — demeaning stance (hard),adjudicated
v2_0186,YouTube,"RedRider2001 I agree. Men shouldn't handle women with kid gloves and assume they are these poor damsels who are so inept that they need exemptions so they can't be held responsible for their actions. In a world of true gender equality, men wouldn't tiptoe around women's sensitivities.",1,0,perpetrator_attack,neutral_discourse,1,perpetrator_attack,1,0,Gender-essentialist demeaning of women as damsels needing exemptions,adjudicated
v2_0193,Twitter,Not a fan of her... guess im the minority.RT @KfromtheG: Beyonc&#233; ratchet ass is trash RT @Vagitarian__: you're the anti christ. KfromtheG,1,0,perpetrator_attack,neutral_discourse,1,perpetrator_attack,1,0,Gendered degradation of Beyoncé ('ratchet ass is trash'),adjudicated
v2_0195,Twitter,My mom seen my progress report &amp; was like so wtf is up wit this B bitch wtf do you NOT see them 7 A's &#128529; tf she just Ungreatful &#9995;,1,0,perpetrator_attack,neutral_discourse,0,neutral_discourse,0,1,Mostly quoting mom's 'bitch'; author vent not clear gendered attack,adjudicated
